0,0,0,-0.210762332,-0.089686099,-0.421524664,-0.053811659,-0.569506726,0.035874439,-0.66367713,0.139013453,-0.551569507,-0.058295964,-0.798206278,0.071748879,-0.914798206,0.161434978,-1,0.233183857,-0.497757848,0.022421525,-0.739910314,0.228699552,-0.820627803,0.372197309,-0.856502242,0.466367713,-0.421524664,0.121076233,-0.6367713,0.32735426,-0.708520179,0.443946188,-0.735426009,0.520179372,-0.33632287,0.215246637,-0.502242152,0.376681614,-0.560538117,0.452914798,-0.591928251,0.502242152
0,0,0,-0.168103448,-0.129310345,-0.357758621,-0.125,-0.50862069,-0.068965517,-0.607758621,0.00862069,-0.525862069,-0.155172414,-0.780172414,-0.077586207,-0.909482759,-0.017241379,-1,0.043103448,-0.495689655,-0.064655172,-0.762931034,0.073275862,-0.86637931,0.181034483,-0.918103448,0.262931034,-0.439655172,0.043103448,-0.689655172,0.176724138,-0.780172414,0.271551724,-0.823275862,0.340517241,-0.375,0.146551724,-0.568965517,0.245689655,-0.646551724,0.310344828,-0.689655172,0.357758621
0,0,0,-0.225806452,-0.092165899,-0.442396313,-0.041474654,-0.589861751,0.064516129,-0.677419355,0.170506912,-0.580645161,-0.023041475,-0.815668203,0.133640553,-0.926267281,0.235023041,-1,0.313364055,-0.520737327,0.073732719,-0.755760369,0.294930876,-0.838709677,0.433179724,-0.875576037,0.529953917,-0.433179724,0.175115207,-0.64516129,0.391705069,-0.714285714,0.511520737,-0.746543779,0.585253456,-0.33640553,0.267281106,-0.497695853,0.437788018,-0.548387097,0.511520737,-0.571428571,0.548387097
0,0,0,-0.2,-0.106666667,-0.404444444,-0.08,-0.555555556,0.004444444,-0.653333333,0.097777778,-0.546666667,-0.084444444,-0.795555556,0.048888889,-0.915555556,0.133333333,-1,0.204444444,-0.497777778,0.013333333,-0.755555556,0.204444444,-0.853333333,0.333333333,-0.902222222,0.426666667,-0.422222222,0.12,-0.657777778,0.302222222,-0.742222222,0.413333333,-0.777777778,0.484444444,-0.337777778,0.217777778,-0.524444444,0.36,-0.595555556,0.431111111,-0.631111111,0.475555556
0,0,0,-0.192307692,-0.145299145,-0.401709402,-0.141025641,-0.55982906,-0.076923077,-0.658119658,0,-0.525641026,-0.136752137,-0.782051282,-0.042735043,-0.91025641,0.021367521,-1,0.081196581,-0.482905983,-0.025641026,-0.747863248,0.11965812,-0.858974359,0.222222222,-0.914529915,0.290598291,-0.427350427,0.08974359,-0.670940171,0.230769231,-0.769230769,0.307692308,-0.820512821,0.35042735,-0.358974359,0.192307692,-0.551282051,0.299145299,-0.623931624,0.341880342,-0.666666667,0.358974359
0,0,0,-0.215517241,-0.11637931,-0.422413793,-0.086206897,-0.577586207,0.004310345,-0.668103448,0.094827586,-0.551724138,-0.068965517,-0.801724138,0.056034483,-0.918103448,0.142241379,-1,0.215517241,-0.504310345,0.038793103,-0.75,0.219827586,-0.844827586,0.340517241,-0.88362069,0.418103448,-0.431034483,0.146551724,-0.655172414,0.323275862,-0.74137931,0.418103448,-0.780172414,0.474137931,-0.344827586,0.24137931,-0.525862069,0.38362069,-0.594827586,0.443965517,-0.63362069,0.478448276
0,0,0,-0.189300412,-0.12345679,-0.390946502,-0.12345679,-0.547325103,-0.065843621,-0.654320988,0.012345679,-0.534979424,-0.139917695,-0.798353909,-0.032921811,-0.917695473,0.053497942,-1,0.12345679,-0.489711934,-0.041152263,-0.773662551,0.115226337,-0.880658436,0.234567901,-0.930041152,0.320987654,-0.432098765,0.074074074,-0.691358025,0.226337449,-0.78600823,0.333333333,-0.83127572,0.403292181,-0.358024691,0.181069959,-0.559670782,0.300411523,-0.641975309,0.37037037,-0.699588477,0.419753086
0,0,0,-0.209401709,-0.102564103,-0.418803419,-0.072649573,-0.568376068,0.021367521,-0.666666667,0.115384615,-0.564102564,-0.072649573,-0.807692308,0.064102564,-0.923076923,0.158119658,-1,0.230769231,-0.512820513,0.02991453,-0.764957265,0.226495726,-0.85042735,0.354700855,-0.888888889,0.44017094,-0.44017094,0.132478632,-0.666666667,0.324786325,-0.743589744,0.435897436,-0.777777778,0.504273504,-0.35042735,0.235042735,-0.52991453,0.388888889,-0.594017094,0.457264957,-0.632478632,0.5
0,0,0,-0.18972332,-0.138339921,-0.395256917,-0.138339921,-0.553359684,-0.075098814,-0.656126482,0,-0.505928854,-0.150197628,-0.766798419,-0.079051383,-0.901185771,-0.019762846,-1,0.031620553,-0.470355731,-0.039525692,-0.743083004,0.090909091,-0.869565217,0.18972332,-0.944664032,0.264822134,-0.418972332,0.071146245,-0.671936759,0.201581028,-0.782608696,0.28458498,-0.845849802,0.339920949,-0.355731225,0.177865613,-0.549407115,0.280632411,-0.628458498,0.335968379,-0.679841897,0.367588933
0,0,0,-0.183673469,-0.118367347,-0.383673469,-0.106122449,-0.53877551,-0.044897959,-0.640816327,0.036734694,-0.53877551,-0.134693878,-0.795918367,-0.032653061,-0.914285714,0.044897959,-1,0.106122449,-0.497959184,-0.044897959,-0.767346939,0.106122449,-0.869387755,0.228571429,-0.92244898,0.318367347,-0.440816327,0.057142857,-0.689795918,0.208163265,-0.779591837,0.314285714,-0.820408163,0.387755102,-0.367346939,0.163265306,-0.567346939,0.285714286,-0.640816327,0.355102041,-0.689795918,0.408163265
0,0,0,-0.224576271,-0.101694915,-0.43220339,-0.059322034,-0.580508475,0.038135593,-0.669491525,0.13559322,-0.56779661,-0.042372881,-0.800847458,0.088983051,-0.919491525,0.177966102,-1,0.254237288,-0.521186441,0.059322034,-0.758474576,0.258474576,-0.843220339,0.38559322,-0.88559322,0.474576271,-0.444915254,0.165254237,-0.661016949,0.351694915,-0.737288136,0.457627119,-0.771186441,0.525423729,-0.351694915,0.258474576,-0.525423729,0.411016949,-0.593220339,0.487288136,-0.627118644,0.529661017
0,0,0,-0.176923077,-0.115384615,-0.373076923,-0.146153846,-0.530769231,-0.130769231,-0.646153846,-0.073076923,-0.492307692,-0.226923077,-0.753846154,-0.157692308,-0.880769231,-0.069230769,-0.969230769,0.007692308,-0.430769231,-0.176923077,-0.734615385,-0.042307692,-0.888461538,0.069230769,-1,0.161538462,-0.357692308,-0.088461538,-0.642307692,0.061538462,-0.796153846,0.173076923,-0.911538462,0.261538462,-0.280769231,0.019230769,-0.492307692,0.15,-0.607692308,0.223076923,-0.707692308,0.276923077
0,0,0,-0.204633205,-0.054054054,-0.405405405,-0.108108108,-0.55984556,-0.146718147,-0.67953668,-0.158301158,-0.494208494,-0.277992278,-0.756756757,-0.223938224,-0.895752896,-0.142857143,-0.996138996,-0.069498069,-0.432432432,-0.247104247,-0.741312741,-0.146718147,-0.888030888,-0.038610039,-1,0.05019305,-0.366795367,-0.173745174,-0.656370656,-0.054054054,-0.810810811,0.05019305,-0.922779923,0.138996139,-0.293436293,-0.069498069,-0.505791506,0.027027027,-0.621621622,0.092664093,-0.718146718,0.142857143
0,0,0,-0.196911197,-0.092664093,-0.405405405,-0.135135135,-0.575289575,-0.158301158,-0.71042471,-0.177606178,-0.525096525,-0.227799228,-0.776061776,-0.135135135,-0.907335907,-0.042471042,-1,0.046332046,-0.459459459,-0.200772201,-0.745173745,-0.034749035,-0.884169884,0.104247104,-0.980694981,0.22007722,-0.382239382,-0.135135135,-0.652509653,0.030888031,-0.77992278,0.16988417,-0.876447876,0.281853282,-0.297297297,-0.046332046,-0.494208494,0.081081081,-0.590733591,0.177606178,-0.671814672,0.254826255
0,0,0,-0.192592593,-0.081481481,-0.396296296,-0.133333333,-0.559259259,-0.17037037,-0.688888889,-0.185185185,-0.496296296,-0.255555556,-0.755555556,-0.177777778,-0.892592593,-0.092592593,-0.992592593,-0.007407407,-0.437037037,-0.225925926,-0.733333333,-0.096296296,-0.885185185,0.02962963,-1,0.137037037,-0.359259259,-0.159259259,-0.640740741,-0.018518519,-0.792592593,0.096296296,-0.907407407,0.192592593,-0.281481481,-0.059259259,-0.477777778,0.055555556,-0.585185185,0.133333333,-0.677777778,0.192592593
0,0,0,-0.19924812,-0.086466165,-0.413533835,-0.139097744,-0.582706767,-0.187969925,-0.710526316,-0.233082707,-0.511278195,-0.240601504,-0.763157895,-0.154135338,-0.902255639,-0.063909774,-1,0.022556391,-0.443609023,-0.206766917,-0.736842105,-0.04887218,-0.887218045,0.082706767,-0.996240602,0.191729323,-0.360902256,-0.139097744,-0.639097744,0.018796992,-0.781954887,0.146616541,-0.890977444,0.255639098,-0.27443609,-0.045112782,-0.469924812,0.078947368,-0.57518797,0.161654135,-0.665413534,0.233082707
0,0,0,-0.183206107,-0.080152672,-0.389312977,-0.099236641,-0.553435115,-0.099236641,-0.679389313,-0.061068702,-0.530534351,-0.213740458,-0.782442748,-0.114503817,-0.91221374,-0.011450382,-1,0.083969466,-0.465648855,-0.190839695,-0.755725191,-0.019083969,-0.893129771,0.129770992,-0.996183206,0.251908397,-0.385496183,-0.122137405,-0.652671756,0.057251908,-0.786259542,0.20610687,-0.893129771,0.320610687,-0.29389313,-0.026717557,-0.465648855,0.13740458,-0.561068702,0.244274809,-0.648854962,0.328244275
0,0,0,-0.213178295,-0.085271318,-0.457364341,-0.07751938,-0.658914729,-0.065891473,-0.810077519,-0.073643411,-0.57751938,-0.139534884,-0.810077519,0.023255814,-0.92248062,0.147286822,-1,0.255813953,-0.496124031,-0.108527132,-0.763565891,0.131782946,-0.887596899,0.294573643,-0.972868217,0.426356589,-0.391472868,-0.034883721,-0.647286822,0.197674419,-0.755813953,0.364341085,-0.84496124,0.496124031,-0.275193798,0.058139535,-0.437984496,0.259689922,-0.515503876,0.38372093,-0.581395349,0.488372093
0,0,0,-0.19123506,0.047808765,-0.406374502,0.075697211,-0.549800797,0.099601594,-0.653386454,0.139442231,-0.501992032,-0.151394422,-0.74501992,-0.079681275,-0.884462151,-0.019920319,-0.992031873,0.043824701,-0.462151394,-0.147410359,-0.749003984,-0.051792829,-0.896414343,0.023904382,-1,0.091633466,-0.394422311,-0.09561753,-0.677290837,-0.015936255,-0.816733068,0.06374502,-0.924302789,0.139442231,-0.3187251,-0.011952191,-0.490039841,0.039840637,-0.593625498,0.115537849,-0.677290837,0.187250996
0,0,0,-0.226244344,-0.049773756,-0.43438914,0.009049774,-0.574660633,0.085972851,-0.65158371,0.180995475,-0.574660633,-0.009049774,-0.809954751,0.171945701,-0.918552036,0.285067873,-1,0.375565611,-0.515837104,0.031674208,-0.769230769,0.271493213,-0.864253394,0.425339367,-0.92760181,0.547511312,-0.43438914,0.099547511,-0.692307692,0.321266968,-0.791855204,0.475113122,-0.859728507,0.588235294,-0.334841629,0.180995475,-0.547511312,0.357466063,-0.633484163,0.470588235,-0.692307692,0.56561086
0,0,0,-0.235849057,-0.028301887,-0.443396226,0.056603774,-0.580188679,0.16509434,-0.646226415,0.287735849,-0.58490566,0.056603774,-0.816037736,0.25,-0.919811321,0.367924528,-1,0.466981132,-0.518867925,0.099056604,-0.75,0.372641509,-0.830188679,0.547169811,-0.882075472,0.679245283,-0.429245283,0.16509434,-0.655660377,0.424528302,-0.740566038,0.594339623,-0.787735849,0.716981132,-0.325471698,0.235849057,-0.509433962,0.45754717,-0.58490566,0.589622642,-0.632075472,0.693396226
0,0,0,-0.223214286,-0.035714286,-0.433035714,0.044642857,-0.566964286,0.147321429,-0.633928571,0.254464286,-0.584821429,0.044642857,-0.808035714,0.227678571,-0.915178571,0.339285714,-1,0.433035714,-0.522321429,0.084821429,-0.75,0.334821429,-0.839285714,0.504464286,-0.892857143,0.638392857,-0.433035714,0.147321429,-0.660714286,0.383928571,-0.75,0.549107143,-0.799107143,0.674107143,-0.330357143,0.214285714,-0.526785714,0.410714286,-0.598214286,0.53125,-0.642857143,0.629464286
0,0,0,-0.226666667,-0.044444444,-0.426666667,0.022222222,-0.551111111,0.111111111,-0.604444444,0.208888889,-0.595555556,0.026666667,-0.817777778,0.195555556,-0.924444444,0.293333333,-1,0.382222222,-0.555555556,0.088888889,-0.786666667,0.315555556,-0.884444444,0.453333333,-0.951111111,0.56,-0.48,0.164444444,-0.715555556,0.373333333,-0.808888889,0.511111111,-0.875555556,0.613333333,-0.377777778,0.244444444,-0.582222222,0.422222222,-0.657777778,0.528888889,-0.715555556,0.617777778
0,0,0,-0.227074236,-0.056768559,-0.43231441,0,-0.563318777,0.087336245,-0.620087336,0.187772926,-0.580786026,0.017467249,-0.807860262,0.170305677,-0.917030568,0.262008734,-1,0.340611354,-0.545851528,0.082969432,-0.781659389,0.301310044,-0.88209607,0.43231441,-0.956331878,0.532751092,-0.475982533,0.161572052,-0.716157205,0.362445415,-0.812227074,0.489082969,-0.877729258,0.585152838,-0.384279476,0.248908297,-0.585152838,0.419213974,-0.663755459,0.515283843,-0.716157205,0.602620087
0,0,0,-0.18359375,-0.0703125,-0.390625,-0.06640625,-0.52734375,-0.046875,-0.625,-0.0078125,-0.53125,-0.125,-0.78515625,-0.01171875,-0.91015625,0.06640625,-1,0.1328125,-0.4765625,-0.0859375,-0.75390625,0.05859375,-0.87890625,0.1796875,-0.96484375,0.2734375,-0.41015625,-0.01953125,-0.69140625,0.109375,-0.828125,0.2265625,-0.92578125,0.31640625,-0.33203125,0.0625,-0.55078125,0.16015625,-0.65625,0.25390625,-0.734375,0.33203125
0,0,0,-0.217021277,-0.055319149,-0.434042553,0,-0.574468085,0.089361702,-0.646808511,0.191489362,-0.574468085,-0.004255319,-0.812765957,0.157446809,-0.923404255,0.255319149,-1,0.336170213,-0.536170213,0.063829787,-0.782978723,0.276595745,-0.893617021,0.408510638,-0.970212766,0.514893617,-0.463829787,0.14893617,-0.710638298,0.340425532,-0.817021277,0.463829787,-0.889361702,0.561702128,-0.370212766,0.238297872,-0.574468085,0.4,-0.659574468,0.49787234,-0.723404255,0.582978723
0,0,0,-0.195833333,-0.091666667,-0.420833333,-0.116666667,-0.6,-0.129166667,-0.733333333,-0.158333333,-0.5125,-0.170833333,-0.754166667,-0.0625,-0.883333333,0.020833333,-0.975,0.091666667,-0.454166667,-0.120833333,-0.729166667,0.025,-0.883333333,0.129166667,-1,0.220833333,-0.375,-0.041666667,-0.6375,0.1125,-0.783333333,0.208333333,-0.891666667,0.291666667,-0.2875,0.058333333,-0.483333333,0.1875,-0.5875,0.258333333,-0.683333333,0.316666667
0,0,0,-0.207792208,-0.082251082,-0.428571429,-0.086580087,-0.606060606,-0.077922078,-0.748917749,-0.082251082,-0.523809524,-0.0995671,-0.774891775,0.025974026,-0.904761905,0.121212121,-0.995670996,0.203463203,-0.458874459,-0.051948052,-0.735930736,0.116883117,-0.887445887,0.242424242,-1,0.341991342,-0.367965368,0.025974026,-0.627705628,0.203463203,-0.761904762,0.333333333,-0.865800866,0.437229437,-0.264069264,0.116883117,-0.432900433,0.281385281,-0.532467532,0.380952381,-0.623376623,0.463203463
0,0,0,-0.204166667,-0.091666667,-0.420833333,-0.1125,-0.595833333,-0.116666667,-0.733333333,-0.1375,-0.520833333,-0.125,-0.775,-0.0125,-0.895833333,0.083333333,-0.979166667,0.1625,-0.466666667,-0.079166667,-0.745833333,0.0875,-0.895833333,0.204166667,-1,0.3,-0.391666667,0,-0.654166667,0.179166667,-0.7875,0.304166667,-0.891666667,0.395833333,-0.295833333,0.091666667,-0.483333333,0.2625,-0.579166667,0.354166667,-0.670833333,0.429166667
0,0,0,-0.220338983,-0.076271186,-0.453389831,-0.080508475,-0.639830508,-0.072033898,-0.779661017,-0.097457627,-0.555084746,-0.11440678,-0.796610169,0.038135593,-0.915254237,0.152542373,-1,0.245762712,-0.487288136,-0.072033898,-0.741525424,0.156779661,-0.860169492,0.326271186,-0.940677966,0.461864407,-0.394067797,0,-0.627118644,0.228813559,-0.733050847,0.389830508,-0.800847458,0.516949153,-0.288135593,0.097457627,-0.470338983,0.275423729,-0.546610169,0.389830508,-0.601694915,0.483050847
0,0,0,-0.215189873,-0.092827004,-0.447257384,-0.11814346,-0.637130802,-0.126582278,-0.776371308,-0.160337553,-0.552742616,-0.17721519,-0.801687764,-0.046413502,-0.919831224,0.063291139,-1,0.160337553,-0.485232068,-0.130801688,-0.76371308,0.05907173,-0.894514768,0.215189873,-0.974683544,0.345991561,-0.400843882,-0.046413502,-0.666666667,0.147679325,-0.784810127,0.29535865,-0.873417722,0.4092827,-0.308016878,0.05907173,-0.514767932,0.215189873,-0.616033755,0.312236287,-0.696202532,0.388185654
0,0,0,-0.214285714,-0.092436975,-0.445378151,-0.105042017,-0.630252101,-0.092436975,-0.777310924,-0.084033613,-0.537815126,-0.12605042,-0.794117647,0,-0.915966387,0.105042017,-1,0.18907563,-0.474789916,-0.071428571,-0.75210084,0.109243697,-0.899159664,0.243697479,-1,0.357142857,-0.390756303,0.012605042,-0.651260504,0.214285714,-0.785714286,0.348739496,-0.882352941,0.453781513,-0.294117647,0.117647059,-0.491596639,0.289915966,-0.600840336,0.382352941,-0.693277311,0.453781513
0,0,0,-0.230392157,-0.068627451,-0.5,-0.024509804,-0.715686275,0.039215686,-0.882352941,0.06372549,-0.56372549,-0.107843137,-0.799019608,0.06372549,-0.916666667,0.210784314,-1,0.333333333,-0.455882353,-0.053921569,-0.710784314,0.181372549,-0.852941176,0.362745098,-0.946078431,0.504901961,-0.333333333,0.034313725,-0.573529412,0.274509804,-0.700980392,0.446078431,-0.799019608,0.583333333,-0.210784314,0.137254902,-0.387254902,0.338235294,-0.495098039,0.460784314,-0.588235294,0.558823529
0,0,0,-0.255319149,-0.037234043,-0.542553191,0.010638298,-0.771276596,0.069148936,-0.957446809,0.074468085,-0.595744681,-0.127659574,-0.813829787,0.058510638,-0.925531915,0.218085106,-1,0.361702128,-0.462765957,-0.10106383,-0.696808511,0.180851064,-0.808510638,0.393617021,-0.882978723,0.558510638,-0.308510638,-0.021276596,-0.531914894,0.255319149,-0.64893617,0.462765957,-0.739361702,0.617021277,-0.159574468,0.090425532,-0.329787234,0.319148936,-0.430851064,0.473404255,-0.515957447,0.590425532
0,0,0,-0.269430052,-0.03626943,-0.554404145,-0.025906736,-0.787564767,-0.010362694,-0.974093264,-0.041450777,-0.585492228,-0.186528497,-0.808290155,-0.031088083,-0.922279793,0.124352332,-1,0.269430052,-0.445595855,-0.165803109,-0.678756477,0.103626943,-0.787564767,0.316062176,-0.85492228,0.487046632,-0.295336788,-0.082901554,-0.512953368,0.191709845,-0.626943005,0.388601036,-0.715025907,0.544041451,-0.160621762,0.03626943,-0.305699482,0.269430052,-0.404145078,0.419689119,-0.492227979,0.533678756
1,0,0,-0.068421053,-0.226315789,-0.152631579,-0.431578947,-0.263157895,-0.568421053,-0.384210526,-0.652631579,-0.094736842,-0.589473684,-0.3,-0.836842105,-0.452631579,-0.931578947,-0.584210526,-1,-0.089473684,-0.510526316,-0.394736842,-0.747368421,-0.621052632,-0.784210526,-0.784210526,-0.789473684,-0.131578947,-0.410526316,-0.447368421,-0.626315789,-0.657894737,-0.631578947,-0.789473684,-0.610526316,-0.2,-0.3,-0.452631579,-0.463157895,-0.6,-0.478947368,-0.694736842,-0.468421053
1,0,0,-0.014705882,-0.230392157,-0.078431373,-0.426470588,-0.181372549,-0.56372549,-0.303921569,-0.637254902,-0.024509804,-0.549019608,-0.196078431,-0.799019608,-0.318627451,-0.911764706,-0.421568627,-1,-0.049019608,-0.475490196,-0.303921569,-0.725490196,-0.504901961,-0.794117647,-0.651960784,-0.823529412,-0.112745098,-0.37745098,-0.362745098,-0.617647059,-0.549019608,-0.656862745,-0.666666667,-0.661764706,-0.196078431,-0.279411765,-0.397058824,-0.470588235,-0.519607843,-0.514705882,-0.612745098,-0.519607843
1,0,0,-0.111650485,-0.218446602,-0.281553398,-0.388349515,-0.446601942,-0.461165049,-0.572815534,-0.485436893,-0.310679612,-0.495145631,-0.572815534,-0.631067961,-0.72815534,-0.67961165,-0.859223301,-0.708737864,-0.325242718,-0.40776699,-0.655339806,-0.504854369,-0.849514563,-0.509708738,-1,-0.490291262,-0.354368932,-0.291262136,-0.669902913,-0.368932039,-0.849514563,-0.368932039,-0.980582524,-0.359223301,-0.398058252,-0.160194175,-0.63592233,-0.208737864,-0.766990291,-0.218446602,-0.883495146,-0.208737864
1,0,0,-0.071038251,-0.256830601,-0.202185792,-0.448087432,-0.371584699,-0.551912568,-0.535519126,-0.579234973,-0.218579235,-0.584699454,-0.50273224,-0.797814208,-0.677595628,-0.879781421,-0.81420765,-0.945355191,-0.234972678,-0.475409836,-0.612021858,-0.661202186,-0.841530055,-0.677595628,-1,-0.672131148,-0.278688525,-0.333333333,-0.633879781,-0.513661202,-0.852459016,-0.524590164,-0.989071038,-0.513661202,-0.327868852,-0.18579235,-0.617486339,-0.322404372,-0.775956284,-0.344262295,-0.885245902,-0.344262295
1,0,0,-0.066298343,-0.259668508,-0.198895028,-0.46961326,-0.375690608,-0.580110497,-0.546961326,-0.607734807,-0.193370166,-0.602209945,-0.480662983,-0.828729282,-0.657458564,-0.928176796,-0.79558011,-0.994475138,-0.220994475,-0.491712707,-0.591160221,-0.696132597,-0.834254144,-0.729281768,-1,-0.745856354,-0.276243094,-0.35359116,-0.629834254,-0.541436464,-0.850828729,-0.569060773,-1,-0.574585635,-0.342541436,-0.20441989,-0.629834254,-0.348066298,-0.790055249,-0.386740331,-0.917127072,-0.408839779
1,0,0,-0.062176166,-0.259067358,-0.18134715,-0.461139896,-0.341968912,-0.564766839,-0.492227979,-0.601036269,-0.176165803,-0.595854922,-0.445595855,-0.829015544,-0.611398964,-0.92746114,-0.740932642,-1,-0.202072539,-0.497409326,-0.564766839,-0.70984456,-0.797927461,-0.74611399,-0.958549223,-0.756476684,-0.259067358,-0.362694301,-0.606217617,-0.564766839,-0.823834197,-0.590673575,-0.958549223,-0.595854922,-0.32642487,-0.21761658,-0.606217617,-0.383419689,-0.766839378,-0.424870466,-0.886010363,-0.440414508
1,0,0,-0.052631579,-0.234449761,-0.153110048,-0.435406699,-0.296650718,-0.559808612,-0.440191388,-0.622009569,-0.110047847,-0.56937799,-0.320574163,-0.813397129,-0.473684211,-0.918660287,-0.593301435,-1,-0.124401914,-0.473684211,-0.440191388,-0.708133971,-0.660287081,-0.76076555,-0.818181818,-0.784688995,-0.172248804,-0.358851675,-0.4784689,-0.578947368,-0.684210526,-0.61722488,-0.818181818,-0.626794258,-0.248803828,-0.229665072,-0.492822967,-0.401913876,-0.641148325,-0.444976077,-0.751196172,-0.459330144
1,0,0,-0.087378641,-0.242718447,-0.233009709,-0.427184466,-0.402912621,-0.519417476,-0.558252427,-0.533980583,-0.252427184,-0.558252427,-0.519417476,-0.766990291,-0.67961165,-0.859223301,-0.810679612,-0.932038835,-0.257281553,-0.45631068,-0.616504854,-0.631067961,-0.839805825,-0.660194175,-1,-0.669902913,-0.291262136,-0.325242718,-0.63592233,-0.485436893,-0.849514563,-0.514563107,-0.995145631,-0.524271845,-0.334951456,-0.17961165,-0.621359223,-0.296116505,-0.781553398,-0.325242718,-0.917475728,-0.349514563
1,0,0,-0.074626866,-0.253731343,-0.194029851,-0.447761194,-0.353233831,-0.552238806,-0.512437811,-0.582089552,-0.194029851,-0.587064677,-0.44278607,-0.810945274,-0.597014925,-0.915422886,-0.721393035,-1,-0.208955224,-0.482587065,-0.567164179,-0.676616915,-0.7960199,-0.711442786,-0.955223881,-0.721393035,-0.253731343,-0.348258706,-0.597014925,-0.537313433,-0.805970149,-0.562189055,-0.945273632,-0.567164179,-0.313432836,-0.208955224,-0.587064677,-0.358208955,-0.751243781,-0.39800995,-0.870646766,-0.412935323
1,0,0,-0.04109589,-0.223744292,-0.105022831,-0.415525114,-0.210045662,-0.543378995,-0.319634703,-0.611872146,-0.073059361,-0.557077626,-0.251141553,-0.799086758,-0.374429224,-0.908675799,-0.474885845,-1,-0.077625571,-0.484018265,-0.351598174,-0.726027397,-0.566210046,-0.780821918,-0.716894977,-0.799086758,-0.123287671,-0.388127854,-0.397260274,-0.625570776,-0.598173516,-0.662100457,-0.726027397,-0.666666667,-0.196347032,-0.287671233,-0.420091324,-0.474885845,-0.561643836,-0.515981735,-0.657534247,-0.525114155
1,0,0,-0.107692308,-0.241025641,-0.220512821,-0.441025641,-0.348717949,-0.558974359,-0.487179487,-0.61025641,-0.194871795,-0.61025641,-0.451282051,-0.835897436,-0.615384615,-0.928205128,-0.743589744,-1,-0.194871795,-0.538461538,-0.558974359,-0.738461538,-0.8,-0.764102564,-0.964102564,-0.758974359,-0.230769231,-0.430769231,-0.584615385,-0.630769231,-0.805128205,-0.635897436,-0.943589744,-0.615384615,-0.297435897,-0.312820513,-0.574358974,-0.476923077,-0.738461538,-0.497435897,-0.851282051,-0.482051282
1,0,0,-0.295964126,-0.165919283,-0.399103139,-0.372197309,-0.443946188,-0.533632287,-0.488789238,-0.65470852,-0.183856502,-0.596412556,-0.33632287,-0.775784753,-0.466367713,-0.883408072,-0.573991031,-0.968609865,-0.112107623,-0.569506726,-0.30941704,-0.807174888,-0.470852018,-0.919282511,-0.609865471,-1,-0.076233184,-0.484304933,-0.295964126,-0.69058296,-0.475336323,-0.771300448,-0.618834081,-0.820627803,-0.089686099,-0.35426009,-0.269058296,-0.493273543,-0.408071749,-0.542600897,-0.524663677,-0.578475336
1,0,0,-0.207692308,-0.134615385,-0.273076923,-0.334615385,-0.288461538,-0.473076923,-0.307692308,-0.573076923,-0.161538462,-0.5,-0.176923077,-0.696153846,-0.219230769,-0.830769231,-0.257692308,-0.938461538,-0.103846154,-0.488461538,-0.130769231,-0.730769231,-0.188461538,-0.876923077,-0.246153846,-1,-0.061538462,-0.438461538,-0.111538462,-0.661538462,-0.188461538,-0.784615385,-0.257692308,-0.876923077,-0.046153846,-0.357692308,-0.088461538,-0.507692308,-0.15,-0.607692308,-0.207692308,-0.692307692
1,0,0,-0.195402299,-0.134099617,-0.252873563,-0.344827586,-0.249042146,-0.494252874,-0.245210728,-0.593869732,-0.14559387,-0.513409962,-0.180076628,-0.701149425,-0.229885057,-0.827586207,-0.275862069,-0.931034483,-0.088122605,-0.505747126,-0.134099617,-0.731800766,-0.199233716,-0.877394636,-0.268199234,-1,-0.038314176,-0.459770115,-0.088122605,-0.681992337,-0.172413793,-0.808429119,-0.252873563,-0.904214559,-0.011494253,-0.383141762,-0.053639847,-0.54789272,-0.114942529,-0.655172414,-0.180076628,-0.739463602
1,0,0,-0.173431734,-0.143911439,-0.20295203,-0.346863469,-0.184501845,-0.483394834,-0.180811808,-0.58302583,-0.095940959,-0.512915129,-0.114391144,-0.704797048,-0.147601476,-0.826568266,-0.180811808,-0.929889299,-0.036900369,-0.501845018,-0.05904059,-0.734317343,-0.099630996,-0.878228782,-0.143911439,-1,0.011070111,-0.453874539,-0.014760148,-0.667896679,-0.073800738,-0.793357934,-0.140221402,-0.885608856,0.033210332,-0.380073801,0.011070111,-0.542435424,-0.036900369,-0.653136531,-0.088560886,-0.741697417
1,0,0,-0.175182482,-0.138686131,-0.215328467,-0.343065693,-0.204379562,-0.481751825,-0.208029197,-0.576642336,-0.109489051,-0.510948905,-0.135036496,-0.693430657,-0.171532847,-0.810218978,-0.211678832,-0.905109489,-0.04379562,-0.503649635,-0.069343066,-0.733576642,-0.105839416,-0.879562044,-0.149635036,-1,0.00729927,-0.459854015,-0.025547445,-0.671532847,-0.083941606,-0.799270073,-0.149635036,-0.890510949,0.040145985,-0.386861314,0,-0.547445255,-0.04379562,-0.656934307,-0.094890511,-0.748175182
1,0,0,-0.157509158,-0.146520147,-0.175824176,-0.355311355,-0.15018315,-0.490842491,-0.146520147,-0.593406593,-0.047619048,-0.516483516,-0.058608059,-0.692307692,-0.095238095,-0.802197802,-0.135531136,-0.901098901,0.018315018,-0.509157509,0.007326007,-0.732600733,-0.021978022,-0.875457875,-0.058608059,-1,0.065934066,-0.465201465,0.051282051,-0.666666667,0,-0.791208791,-0.062271062,-0.886446886,0.098901099,-0.399267399,0.084249084,-0.556776557,0.047619048,-0.666666667,0.007326007,-0.761904762
1,0,0,-0.170212766,-0.145390071,-0.19858156,-0.35106383,-0.177304965,-0.492907801,-0.170212766,-0.595744681,-0.053191489,-0.521276596,-0.046099291,-0.719858156,-0.070921986,-0.84751773,-0.09929078,-0.953900709,0.010638298,-0.503546099,0.007092199,-0.734042553,-0.039007092,-0.882978723,-0.095744681,-1,0.053191489,-0.446808511,0.031914894,-0.663120567,-0.042553191,-0.794326241,-0.120567376,-0.886524823,0.070921986,-0.365248227,0.046099291,-0.524822695,-0.003546099,-0.634751773,-0.060283688,-0.719858156
1,0,0,-0.243781095,-0.039800995,-0.452736318,-0.189054726,-0.60199005,-0.28358209,-0.721393035,-0.353233831,-0.348258706,-0.507462687,-0.472636816,-0.696517413,-0.567164179,-0.810945274,-0.651741294,-0.905472637,-0.268656716,-0.547263682,-0.388059701,-0.771144279,-0.502487562,-0.905472637,-0.611940299,-1,-0.179104478,-0.542288557,-0.273631841,-0.766169154,-0.388059701,-0.860696517,-0.507462687,-0.92039801,-0.084577114,-0.507462687,-0.144278607,-0.701492537,-0.243781095,-0.786069652,-0.353233831,-0.830845771
1,0,0,-0.240384615,-0.067307692,-0.427884615,-0.230769231,-0.548076923,-0.322115385,-0.658653846,-0.389423077,-0.317307692,-0.533653846,-0.427884615,-0.721153846,-0.514423077,-0.831730769,-0.605769231,-0.918269231,-0.245192308,-0.552884615,-0.346153846,-0.783653846,-0.456730769,-0.908653846,-0.567307692,-1,-0.168269231,-0.533653846,-0.240384615,-0.769230769,-0.360576923,-0.875,-0.475961538,-0.942307692,-0.091346154,-0.475961538,-0.129807692,-0.663461538,-0.230769231,-0.745192308,-0.341346154,-0.788461538
1,0,0,-0.231132075,-0.061320755,-0.405660377,-0.226415094,-0.528301887,-0.33490566,-0.632075472,-0.410377358,-0.273584906,-0.514150943,-0.377358491,-0.693396226,-0.462264151,-0.797169811,-0.551886792,-0.882075472,-0.198113208,-0.54245283,-0.287735849,-0.768867925,-0.382075472,-0.900943396,-0.481132075,-1,-0.117924528,-0.533018868,-0.169811321,-0.754716981,-0.268867925,-0.858490566,-0.377358491,-0.924528302,-0.04245283,-0.485849057,-0.070754717,-0.669811321,-0.155660377,-0.764150943,-0.254716981,-0.816037736
1,0,0,-0.211711712,-0.04954955,-0.400900901,-0.207207207,-0.522522523,-0.324324324,-0.621621622,-0.400900901,-0.27027027,-0.490990991,-0.378378378,-0.662162162,-0.463963964,-0.761261261,-0.540540541,-0.855855856,-0.18018018,-0.540540541,-0.265765766,-0.756756757,-0.351351351,-0.891891892,-0.432432432,-1,-0.09009009,-0.540540541,-0.144144144,-0.761261261,-0.22972973,-0.882882883,-0.324324324,-0.972972973,0.009009009,-0.504504505,-0.004504505,-0.684684685,-0.072072072,-0.779279279,-0.162162162,-0.842342342
1,0,0,-0.306818182,-0.022727273,-0.551136364,-0.164772727,-0.721590909,-0.232954545,-0.875,-0.284090909,-0.465909091,-0.511363636,-0.642045455,-0.704545455,-0.795454545,-0.795454545,-0.9375,-0.852272727,-0.409090909,-0.539772727,-0.619318182,-0.772727273,-0.823863636,-0.863636364,-1,-0.914772727,-0.340909091,-0.517045455,-0.545454545,-0.767045455,-0.75,-0.835227273,-0.920454545,-0.857954545,-0.289772727,-0.460227273,-0.443181818,-0.647727273,-0.602272727,-0.676136364,-0.75,-0.659090909
1,0,0,-0.251231527,-0.0591133,-0.448275862,-0.226600985,-0.586206897,-0.325123153,-0.714285714,-0.39408867,-0.354679803,-0.541871921,-0.467980296,-0.733990148,-0.57635468,-0.84729064,-0.674876847,-0.931034483,-0.285714286,-0.566502463,-0.408866995,-0.793103448,-0.541871921,-0.911330049,-0.669950739,-1,-0.216748768,-0.54679803,-0.320197044,-0.783251232,-0.463054187,-0.881773399,-0.596059113,-0.9408867,-0.142857143,-0.492610837,-0.221674877,-0.679802956,-0.334975369,-0.75862069,-0.458128079,-0.793103448
1,0,0,-0.318681319,-0.038461538,-0.571428571,-0.175824176,-0.752747253,-0.247252747,-0.934065934,-0.296703297,-0.510989011,-0.505494505,-0.697802198,-0.697802198,-0.857142857,-0.791208791,-1,-0.862637363,-0.428571429,-0.532967033,-0.631868132,-0.774725275,-0.824175824,-0.884615385,-0.989010989,-0.967032967,-0.335164835,-0.505494505,-0.510989011,-0.769230769,-0.708791209,-0.857142857,-0.879120879,-0.906593407,-0.225274725,-0.434065934,-0.335164835,-0.626373626,-0.489010989,-0.681318681,-0.631868132,-0.697802198
1,0,0,-0.261904762,-0.066666667,-0.457142857,-0.242857143,-0.59047619,-0.342857143,-0.728571429,-0.419047619,-0.357142857,-0.538095238,-0.476190476,-0.747619048,-0.580952381,-0.866666667,-0.680952381,-0.952380952,-0.285714286,-0.552380952,-0.404761905,-0.795238095,-0.547619048,-0.914285714,-0.676190476,-1,-0.20952381,-0.523809524,-0.319047619,-0.771428571,-0.471428571,-0.871428571,-0.60952381,-0.938095238,-0.138095238,-0.457142857,-0.214285714,-0.642857143,-0.338095238,-0.719047619,-0.466666667,-0.757142857
1,0,0,-0.172093023,-0.139534884,-0.218604651,-0.362790698,-0.223255814,-0.511627907,-0.269767442,-0.63255814,-0.079069767,-0.520930233,-0.11627907,-0.739534884,-0.176744186,-0.879069767,-0.246511628,-0.990697674,-0.018604651,-0.502325581,-0.055813953,-0.748837209,-0.153488372,-0.893023256,-0.265116279,-1,0.023255814,-0.446511628,-0.018604651,-0.688372093,-0.125581395,-0.818604651,-0.227906977,-0.911627907,0.037209302,-0.362790698,-0.009302326,-0.534883721,-0.079069767,-0.646511628,-0.148837209,-0.734883721
1,0,0,-0.176744186,-0.153488372,-0.204651163,-0.376744186,-0.190697674,-0.534883721,-0.2,-0.665116279,-0.069767442,-0.530232558,-0.111627907,-0.744186047,-0.181395349,-0.874418605,-0.246511628,-0.972093023,0.004651163,-0.520930233,-0.060465116,-0.772093023,-0.172093023,-0.902325581,-0.279069767,-1,0.055813953,-0.465116279,-0.013953488,-0.702325581,-0.139534884,-0.813953488,-0.255813953,-0.893023256,0.079069767,-0.381395349,0,-0.534883721,-0.093023256,-0.623255814,-0.190697674,-0.693023256
1,0,0,-0.202702703,-0.162162162,-0.22972973,-0.373873874,-0.211711712,-0.531531532,-0.202702703,-0.648648649,-0.072072072,-0.545045045,-0.121621622,-0.756756757,-0.202702703,-0.882882883,-0.274774775,-0.981981982,-0.004504505,-0.527027027,-0.081081081,-0.774774775,-0.193693694,-0.905405405,-0.297297297,-1,0.031531532,-0.463963964,-0.072072072,-0.693693694,-0.193693694,-0.810810811,-0.301801802,-0.896396396,0.018018018,-0.373873874,-0.076576577,-0.531531532,-0.162162162,-0.630630631,-0.243243243,-0.711711712
1,0,0,-0.177272727,-0.181818182,-0.218181818,-0.395454545,-0.213636364,-0.545454545,-0.218181818,-0.672727273,-0.072727273,-0.568181818,-0.127272727,-0.777272727,-0.204545455,-0.886363636,-0.277272727,-0.968181818,0.009090909,-0.554545455,-0.063636364,-0.804545455,-0.177272727,-0.927272727,-0.290909091,-1,0.059090909,-0.490909091,-0.045454545,-0.731818182,-0.2,-0.827272727,-0.331818182,-0.877272727,0.068181818,-0.4,-0.063636364,-0.55,-0.195454545,-0.595454545,-0.309090909,-0.618181818
1,0,0,-0.197183099,-0.211267606,-0.20657277,-0.44600939,-0.178403756,-0.596244131,-0.183098592,-0.723004695,0.009389671,-0.600938967,-0.084507042,-0.807511737,-0.201877934,-0.910798122,-0.309859155,-0.976525822,0.070422535,-0.563380282,-0.056338028,-0.816901408,-0.215962441,-0.929577465,-0.338028169,-1,0.093896714,-0.483568075,-0.056338028,-0.718309859,-0.230046948,-0.816901408,-0.356807512,-0.873239437,0.0657277,-0.38028169,-0.046948357,-0.544600939,-0.159624413,-0.624413146,-0.244131455,-0.680751174
1,0,0,-0.209606987,-0.218340611,-0.231441048,-0.436681223,-0.231441048,-0.589519651,-0.248908297,-0.707423581,0.013100437,-0.563318777,-0.087336245,-0.759825328,-0.183406114,-0.877729258,-0.266375546,-0.969432314,0.056768559,-0.524017467,-0.087336245,-0.772925764,-0.209606987,-0.899563319,-0.310043668,-1,0.048034934,-0.449781659,-0.126637555,-0.681222707,-0.270742358,-0.790393013,-0.384279476,-0.868995633,-0.021834061,-0.362445415,-0.161572052,-0.532751092,-0.262008734,-0.615720524,-0.340611354,-0.689956332
1,0,0,-0.162895928,-0.122171946,-0.239819005,-0.343891403,-0.257918552,-0.50678733,-0.298642534,-0.633484163,-0.095022624,-0.533936652,-0.113122172,-0.7239819,-0.158371041,-0.832579186,-0.21719457,-0.92760181,-0.009049774,-0.520361991,-0.022624434,-0.746606335,-0.07239819,-0.886877828,-0.14479638,-1,0.063348416,-0.461538462,0.040723982,-0.678733032,-0.036199095,-0.800904977,-0.122171946,-0.900452489,0.122171946,-0.371040724,0.081447964,-0.529411765,0.027149321,-0.63800905,-0.031674208,-0.733031674
1,0,0,-0.169565217,-0.12173913,-0.234782609,-0.343478261,-0.234782609,-0.504347826,-0.260869565,-0.634782609,-0.091304348,-0.539130435,-0.104347826,-0.726086957,-0.156521739,-0.82173913,-0.217391304,-0.9,-0.008695652,-0.530434783,-0.008695652,-0.756521739,-0.065217391,-0.895652174,-0.143478261,-1,0.060869565,-0.47826087,0.052173913,-0.7,-0.030434783,-0.817391304,-0.126086957,-0.904347826,0.117391304,-0.395652174,0.073913043,-0.552173913,0.008695652,-0.660869565,-0.060869565,-0.747826087
1,0,0,-0.165957447,-0.114893617,-0.221276596,-0.336170213,-0.208510638,-0.493617021,-0.225531915,-0.617021277,-0.055319149,-0.527659574,-0.055319149,-0.706382979,-0.093617021,-0.804255319,-0.14893617,-0.885106383,0.025531915,-0.519148936,0.05106383,-0.744680851,0.017021277,-0.885106383,-0.034042553,-1,0.089361702,-0.468085106,0.10212766,-0.676595745,0.038297872,-0.791489362,-0.038297872,-0.872340426,0.136170213,-0.391489362,0.09787234,-0.54893617,0.046808511,-0.65106383,-0.008510638,-0.740425532
2,0.0,0.0,-0.11481481481481481,-0.18518518518518517,-0.2962962962962963,-0.2777777777777778,-0.45925925925925926,-0.3,-0.5888888888888889,-0.26296296296296295,-0.37777777777777777,-0.37037037037037035,-0.6481481481481481,-0.44074074074074077,-0.8,-0.46296296296296297,-0.9148148148148149,-0.4703703703703704,-0.36666666666666664,-0.2777777777777778,-0.6925925925925925,-0.3037037037037037,-0.8740740740740741,-0.2777777777777778,-1.0,-0.24814814814814815,-0.3592592592592593,-0.16296296296296298,-0.6666666666666666,-0.16296296296296298,-0.8333333333333334,-0.1259259259259259,-0.9407407407407408,-0.1,-0.34444444444444444,-0.037037037037037035,-0.5740740740740741,-0.025925925925925925,-0.6925925925925925,0.0,-0.7777777777777778,0.022222222222222223
2,0.0,0.0,-0.13503649635036497,-0.18613138686131386,-0.31386861313868614,-0.2773722627737226,-0.4854014598540146,-0.2956204379562044,-0.6204379562043796,-0.2591240875912409,-0.39416058394160586,-0.3722627737226277,-0.6751824817518248,-0.42700729927007297,-0.8321167883211679,-0.4233576642335766,-0.948905109489051,-0.40875912408759124,-0.3795620437956204,-0.28102189781021897,-0.7226277372262774,-0.27007299270072993,-0.8941605839416058,-0.20802919708029197,-1.0,-0.15328467153284672,-0.36496350364963503,-0.16058394160583941,-0.6934306569343066,-0.13503649635036497,-0.843065693430657,-0.07664233576642336,-0.927007299270073,-0.029197080291970802,-0.35036496350364965,-0.0364963503649635,-0.6058394160583942,-0.010948905109489052,-0.7116788321167883,0.029197080291970802,-0.7737226277372263,0.058394160583941604
2,0.0,0.0,-0.10384615384615385,-0.21153846153846154,-0.26153846153846155,-0.35384615384615387,-0.4269230769230769,-0.40384615384615385,-0.5692307692307692,-0.38846153846153847,-0.3153846153846154,-0.43846153846153846,-0.6153846153846154,-0.5423076923076923,-0.7884615384615384,-0.5692307692307692,-0.9192307692307692,-0.5807692307692308,-0.3192307692307692,-0.3192307692307692,-0.6923076923076923,-0.3769230769230769,-0.8846153846153846,-0.34615384615384615,-1.0,-0.31153846153846154,-0.3384615384615385,-0.18076923076923077,-0.6846153846153846,-0.23076923076923078,-0.8576923076923076,-0.2076923076923077,-0.9538461538461539,-0.18076923076923077,-0.35384615384615387,-0.038461538461538464,-0.6230769230769231,-0.08461538461538462,-0.7461538461538462,-0.08076923076923077,-0.8307692307692308,-0.07307692307692308
2,0.0,0.0,-0.10266159695817491,-0.20912547528517111,-0.2585551330798479,-0.34600760456273766,-0.40304182509505704,-0.41825095057034223,-0.5285171102661597,-0.4296577946768061,-0.33460076045627374,-0.4600760456273764,-0.6121673003802282,-0.5627376425855514,-0.7680608365019012,-0.596958174904943,-0.8821292775665399,-0.623574144486692,-0.33079847908745247,-0.3840304182509506,-0.6806083650190115,-0.45627376425855515,-0.8745247148288974,-0.4296577946768061,-1.0,-0.39923954372623577,-0.33460076045627374,-0.2737642585551331,-0.6730038022813688,-0.3269961977186312,-0.8555133079847909,-0.2889733840304182,-0.9657794676806084,-0.2509505703422053,-0.34220532319391633,-0.1482889733840304,-0.6121673003802282,-0.18631178707224336,-0.7452471482889734,-0.1634980988593156,-0.8365019011406845,-0.13688212927756654
2,0.0,0.0,-0.12631578947368421,-0.1824561403508772,-0.3087719298245614,-0.28421052631578947,-0.47719298245614034,-0.3192982456140351,-0.6105263157894737,-0.2982456140350877,-0.3824561403508772,-0.4,-0.656140350877193,-0.47017543859649125,-0.8105263157894737,-0.47368421052631576,-0.9298245614035088,-0.4666666666666667,-0.3649122807017544,-0.312280701754386,-0.712280701754386,-0.32280701754385965,-0.887719298245614,-0.27017543859649124,-1.0,-0.21754385964912282,-0.3543859649122807,-0.19649122807017544,-0.6842105263157895,-0.18947368421052632,-0.8421052631578947,-0.13333333333333333,-0.9333333333333333,-0.08771929824561403,-0.34385964912280703,-0.07017543859649122,-0.5964912280701754,-0.056140350877192984,-0.7017543859649122,-0.017543859649122806,-0.7719298245614035,0.014035087719298246
2,0.0,0.0,-0.11235955056179775,-0.21348314606741572,-0.2883895131086142,-0.34831460674157305,-0.4681647940074906,-0.40074906367041196,-0.6217228464419475,-0.3895131086142322,-0.34831460674157305,-0.4606741573033708,-0.6329588014981273,-0.5580524344569289,-0.8052434456928839,-0.5767790262172284,-0.9325842696629213,-0.5842696629213483,-0.3258426966292135,-0.35580524344569286,-0.6891385767790262,-0.40074906367041196,-0.8838951310861424,-0.352059925093633,-1.0,-0.299625468164794,-0.31835205992509363,-0.21722846441947566,-0.6666666666666666,-0.2546816479400749,-0.850187265917603,-0.21722846441947566,-0.9625468164794008,-0.18352059925093633,-0.32209737827715357,-0.0749063670411985,-0.599250936329588,-0.10112359550561797,-0.7303370786516854,-0.08239700374531835,-0.8164794007490637,-0.0599250936329588
2,0.0,0.0,-0.12087912087912088,-0.20146520146520147,-0.2967032967032967,-0.326007326007326,-0.4725274725274725,-0.3663003663003663,-0.6190476190476191,-0.34798534798534797,-0.34798534798534797,-0.43223443223443225,-0.6373626373626373,-0.5201465201465202,-0.8058608058608059,-0.5274725274725275,-0.9304029304029304,-0.5274725274725275,-0.326007326007326,-0.32967032967032966,-0.6886446886446886,-0.3663003663003663,-0.8827838827838828,-0.32234432234432236,-1.0,-0.28205128205128205,-0.315018315018315,-0.20146520146520147,-0.6593406593406593,-0.2271062271062271,-0.8351648351648352,-0.19047619047619047,-0.9413919413919414,-0.15384615384615385,-0.3076923076923077,-0.06227106227106227,-0.5824175824175825,-0.08424908424908426,-0.7032967032967034,-0.05860805860805861,-0.7838827838827839,-0.029304029304029304
2,0.0,0.0,-0.1198501872659176,-0.19850187265917604,-0.30711610486891383,-0.32209737827715357,-0.49063670411985016,-0.36704119850187267,-0.6441947565543071,-0.3445692883895131,-0.3408239700374532,-0.44569288389513106,-0.6292134831460674,-0.5318352059925093,-0.8052434456928839,-0.5430711610486891,-0.9363295880149812,-0.5430711610486891,-0.31086142322097376,-0.3445692883895131,-0.6741573033707865,-0.3857677902621723,-0.8726591760299626,-0.33707865168539325,-1.0,-0.2883895131086142,-0.2958801498127341,-0.20973782771535582,-0.6441947565543071,-0.24719101123595505,-0.8277153558052435,-0.19850187265917604,-0.947565543071161,-0.15355805243445692,-0.2958801498127341,-0.07116104868913857,-0.5617977528089888,-0.0898876404494382,-0.6928838951310862,-0.052434456928838954,-0.7865168539325843,-0.018726591760299626
2,0.0,0.0,-0.11068702290076336,-0.20229007633587787,-0.27099236641221375,-0.3435114503816794,-0.4351145038167939,-0.4083969465648855,-0.583969465648855,-0.3969465648854962,-0.3053435114503817,-0.4732824427480916,-0.5916030534351145,-0.5992366412213741,-0.767175572519084,-0.6297709923664122,-0.9007633587786259,-0.6450381679389313,-0.2786259541984733,-0.37404580152671757,-0.648854961832061,-0.46564885496183206,-0.8625954198473282,-0.42366412213740456,-1.0,-0.37786259541984735,-0.2748091603053435,-0.24045801526717558,-0.6221374045801527,-0.32061068702290074,-0.8244274809160306,-0.2862595419847328,-0.9465648854961832,-0.25190839694656486,-0.2824427480916031,-0.09923664122137404,-0.5610687022900763,-0.15648854961832062,-0.7061068702290076,-0.13740458015267176,-0.8053435114503816,-0.1183206106870229
2,0.0,0.0,-0.14285714285714285,-0.17073170731707318,-0.32752613240418116,-0.25435540069686413,-0.5017421602787456,-0.26480836236933797,-0.6341463414634146,-0.23344947735191637,-0.397212543554007,-0.34843205574912894,-0.6829268292682927,-0.3832752613240418,-0.8397212543554007,-0.3693379790940767,-0.9581881533101045,-0.34843205574912894,-0.37282229965156793,-0.2613240418118467,-0.7177700348432056,-0.2508710801393728,-0.89198606271777,-0.17421602787456447,-1.0,-0.10801393728222997,-0.3554006968641115,-0.14982578397212543,-0.686411149825784,-0.1254355400696864,-0.8397212543554007,-0.05574912891986063,-0.9303135888501742,0.0,-0.33797909407665505,-0.0313588850174216,-0.5958188153310104,-0.003484320557491289,-0.710801393728223,0.04529616724738676,-0.7839721254355401,0.08710801393728224
2,0.0,0.0,-0.11787072243346007,-0.19011406844106463,-0.2585551330798479,-0.34220532319391633,-0.4068441064638783,-0.42585551330798477,-0.5437262357414449,-0.43346007604562736,-0.2965779467680608,-0.4752851711026616,-0.5817490494296578,-0.6045627376425855,-0.752851711026616,-0.6387832699619772,-0.8821292775665399,-0.6615969581749049,-0.26996197718631176,-0.38783269961977185,-0.6273764258555133,-0.49049429657794674,-0.8479087452471483,-0.467680608365019,-1.0,-0.43346007604562736,-0.2661596958174905,-0.2623574144486692,-0.6045627376425855,-0.3574144486692015,-0.8060836501901141,-0.3269961977186312,-0.9391634980988594,-0.2889733840304182,-0.27756653992395436,-0.12927756653992395,-0.5475285171102662,-0.18631178707224336,-0.6958174904942965,-0.1596958174904943,-0.8022813688212928,-0.12167300380228137
2,0.0,0.0,-0.10661764705882353,-0.20588235294117646,-0.2647058823529412,-0.34191176470588236,-0.43014705882352944,-0.4007352941176471,-0.5735294117647058,-0.3860294117647059,-0.3125,-0.45955882352941174,-0.6066176470588235,-0.5661764705882353,-0.7794117647058824,-0.5992647058823529,-0.9080882352941176,-0.6139705882352942,-0.3014705882352941,-0.3639705882352941,-0.6654411764705882,-0.44485294117647056,-0.8713235294117647,-0.4117647058823529,-1.0,-0.3713235294117647,-0.30514705882352944,-0.23529411764705882,-0.6507352941176471,-0.3125,-0.8382352941176471,-0.2757352941176471,-0.9522058823529411,-0.23897058823529413,-0.3125,-0.09926470588235294,-0.5882352941176471,-0.15441176470588236,-0.7242647058823529,-0.1323529411764706,-0.8125,-0.10294117647058823
2,0.0,0.0,-0.13945578231292516,-0.17006802721088435,-0.3231292517006803,-0.2653061224489796,-0.4897959183673469,-0.2891156462585034,-0.6224489795918368,-0.2619047619047619,-0.3843537414965986,-0.37755102040816324,-0.6666666666666666,-0.41496598639455784,-0.8231292517006803,-0.40476190476190477,-0.9455782312925171,-0.3945578231292517,-0.35034013605442177,-0.2891156462585034,-0.6938775510204082,-0.2891156462585034,-0.8775510204081632,-0.23129251700680273,-1.0,-0.18027210884353742,-0.32653061224489793,-0.17006802721088435,-0.6564625850340136,-0.16666666666666666,-0.8197278911564626,-0.1054421768707483,-0.9217687074829932,-0.05102040816326531,-0.30272108843537415,-0.04421768707482993,-0.5612244897959183,-0.030612244897959183,-0.6802721088435374,0.017006802721088437,-0.7619047619047619,0.061224489795918366
2,0.0,0.0,-0.14527027027027026,-0.16891891891891891,-0.3310810810810811,-0.25,-0.5033783783783784,-0.25675675675675674,-0.6385135135135135,-0.21621621621621623,-0.40878378378378377,-0.33783783783783783,-0.6959459459459459,-0.3581081081081081,-0.8581081081081081,-0.3310810810810811,-0.972972972972973,-0.30405405405405406,-0.375,-0.25,-0.722972972972973,-0.2195945945945946,-0.8918918918918919,-0.13851351351351351,-1.0,-0.07432432432432433,-0.34459459459459457,-0.13175675675675674,-0.6756756756756757,-0.0945945945945946,-0.831081081081081,-0.016891891891891893,-0.9222972972972973,0.04054054054054054,-0.3141891891891892,-0.010135135135135136,-0.5709459459459459,0.02702702702702703,-0.6858108108108109,0.0777027027027027,-0.7601351351351351,0.11824324324324324
2,0.0,0.0,-0.10507246376811594,-0.20652173913043478,-0.26811594202898553,-0.33695652173913043,-0.4420289855072464,-0.3804347826086957,-0.5905797101449275,-0.35507246376811596,-0.3115942028985507,-0.4384057971014493,-0.605072463768116,-0.5434782608695652,-0.7753623188405797,-0.5615942028985508,-0.9057971014492754,-0.5688405797101449,-0.29347826086956524,-0.3333333333333333,-0.6630434782608695,-0.40217391304347827,-0.8659420289855072,-0.37681159420289856,-1.0,-0.35144927536231885,-0.2898550724637681,-0.2028985507246377,-0.6413043478260869,-0.26811594202898553,-0.8297101449275363,-0.2391304347826087,-0.9456521739130435,-0.20652173913043478,-0.2971014492753623,-0.06521739130434782,-0.572463768115942,-0.10144927536231885,-0.7065217391304348,-0.08333333333333333,-0.8043478260869565,-0.057971014492753624
2,0.0,0.0,-0.0959409594095941,-0.22140221402214022,-0.24354243542435425,-0.36900369003690037,-0.4095940959409594,-0.4317343173431734,-0.5571955719557196,-0.42435424354243545,-0.2878228782287823,-0.4797047970479705,-0.5793357933579336,-0.6199261992619927,-0.7527675276752768,-0.6531365313653137,-0.8819188191881919,-0.6678966789667896,-0.2878228782287823,-0.3763837638376384,-0.6531365313653137,-0.4870848708487085,-0.8634686346863468,-0.46863468634686345,-1.0,-0.44280442804428044,-0.3025830258302583,-0.24354243542435425,-0.6531365313653137,-0.35424354243542433,-0.8450184501845018,-0.33579335793357934,-0.966789667896679,-0.31365313653136534,-0.3173431734317343,-0.1033210332103321,-0.5904059040590406,-0.18450184501845018,-0.7306273062730627,-0.17343173431734318,-0.8265682656826568,-0.15129151291512916
2,0.0,0.0,-0.1482758620689655,-0.15517241379310345,-0.32413793103448274,-0.2517241379310345,-0.4724137931034483,-0.29310344827586204,-0.596551724137931,-0.2793103448275862,-0.3896551724137931,-0.3793103448275862,-0.6655172413793103,-0.4379310344827586,-0.8275862068965517,-0.4379310344827586,-0.9482758620689655,-0.42758620689655175,-0.35172413793103446,-0.3103448275862069,-0.6793103448275862,-0.3482758620689655,-0.8655172413793103,-0.3,-1.0,-0.25862068965517243,-0.32068965517241377,-0.2103448275862069,-0.6344827586206897,-0.2517241379310345,-0.8103448275862069,-0.20344827586206896,-0.9275862068965517,-0.15862068965517243,-0.296551724137931,-0.1,-0.5482758620689655,-0.12413793103448276,-0.6793103448275862,-0.08620689655172414,-0.7724137931034483,-0.04482758620689655
2,0.0,0.0,-0.15932203389830507,-0.1423728813559322,-0.3389830508474576,-0.21016949152542372,-0.4915254237288136,-0.22372881355932203,-0.6101694915254238,-0.19322033898305085,-0.42033898305084744,-0.3152542372881356,-0.6949152542372882,-0.3220338983050847,-0.8440677966101695,-0.29152542372881357,-0.9559322033898305,-0.2542372881355932,-0.3864406779661017,-0.24745762711864408,-0.7084745762711865,-0.2305084745762712,-0.8779661016949153,-0.15932203389830507,-1.0,-0.09152542372881356,-0.34915254237288135,-0.15254237288135594,-0.6610169491525424,-0.12542372881355932,-0.823728813559322,-0.04745762711864407,-0.9254237288135593,0.01694915254237288,-0.31186440677966104,-0.04067796610169491,-0.5627118644067797,-0.013559322033898305,-0.6813559322033899,0.04067796610169491,-0.7627118644067796,0.09152542372881356
2,0.0,0.0,-0.14576271186440679,-0.15254237288135594,-0.3220338983050847,-0.2271186440677966,-0.47796610169491527,-0.2440677966101695,-0.5932203389830508,-0.2135593220338983,-0.4067796610169492,-0.31864406779661014,-0.6813559322033899,-0.34915254237288135,-0.8338983050847457,-0.3288135593220339,-0.9457627118644067,-0.3050847457627119,-0.376271186440678,-0.2542372881355932,-0.6983050847457627,-0.26101694915254237,-0.8779661016949153,-0.2,-1.0,-0.14576271186440679,-0.34576271186440677,-0.15932203389830507,-0.6610169491525424,-0.15593220338983052,-0.823728813559322,-0.08813559322033898,-0.9288135593220339,-0.030508474576271188,-0.30847457627118646,-0.05084745762711865,-0.5627118644067797,-0.03728813559322034,-0.6847457627118644,0.006779661016949152,-0.7694915254237288,0.04745762711864407
2,0.0,0.0,-0.350253807106599,-0.050761421319796954,-0.5532994923857868,-0.16243654822335024,-0.6903553299492385,-0.25380710659898476,-0.817258883248731,-0.30456852791878175,-0.4619289340101523,-0.5482233502538071,-0.7106598984771574,-0.5939086294416244,-0.8730964467005076,-0.5482233502538071,-1.0,-0.4720812182741117,-0.34517766497461927,-0.5431472081218274,-0.6548223350253807,-0.5228426395939086,-0.8477157360406091,-0.43147208121827413,-0.9949238578680203,-0.3401015228426396,-0.23857868020304568,-0.4619289340101523,-0.5279187817258884,-0.39086294416243655,-0.7157360406091371,-0.29441624365482233,-0.8730964467005076,-0.20812182741116753,-0.15736040609137056,-0.3147208121827411,-0.350253807106599,-0.2233502538071066,-0.4873096446700508,-0.15228426395939088,-0.6040609137055838,-0.09644670050761421
2,0.0,0.0,-0.36065573770491804,-0.06557377049180328,-0.5846994535519126,-0.2185792349726776,-0.726775956284153,-0.3333333333333333,-0.8633879781420765,-0.4207650273224044,-0.40437158469945356,-0.5846994535519126,-0.6666666666666666,-0.6885245901639344,-0.8469945355191257,-0.6775956284153005,-1.0,-0.6229508196721312,-0.29508196721311475,-0.5683060109289617,-0.6010928961748634,-0.6666666666666666,-0.825136612021858,-0.6229508196721312,-0.9890710382513661,-0.5573770491803278,-0.1912568306010929,-0.47540983606557374,-0.46994535519125685,-0.5300546448087432,-0.6830601092896175,-0.4808743169398907,-0.8469945355191257,-0.4207650273224044,-0.11475409836065574,-0.3224043715846995,-0.29508196721311475,-0.3442622950819672,-0.4426229508196721,-0.31693989071038253,-0.5792349726775956,-0.28415300546448086
2,0.0,0.0,-0.3860759493670886,-0.16455696202531644,-0.6265822784810127,-0.3670886075949367,-0.7911392405063291,-0.5189873417721519,-0.9683544303797469,-0.6265822784810127,-0.34177215189873417,-0.7974683544303798,-0.5822784810126582,-0.9936708860759493,-0.7784810126582279,-1.0,-0.9493670886075949,-0.9556962025316456,-0.189873417721519,-0.7468354430379747,-0.5189873417721519,-0.9113924050632911,-0.7658227848101266,-0.879746835443038,-0.9556962025316456,-0.8164556962025317,-0.0759493670886076,-0.6265822784810127,-0.3924050632911392,-0.7151898734177216,-0.6518987341772152,-0.6708860759493671,-0.8607594936708861,-0.6075949367088608,-0.012658227848101266,-0.43670886075949367,-0.23417721518987342,-0.45569620253164556,-0.43037974683544306,-0.4177215189873418,-0.6012658227848101,-0.37341772151898733
2,0.0,0.0,-0.35714285714285715,-0.04945054945054945,-0.5879120879120879,-0.14835164835164835,-0.7417582417582418,-0.22527472527472528,-0.8846153846153846,-0.2692307692307692,-0.46153846153846156,-0.5769230769230769,-0.7087912087912088,-0.6538461538461539,-0.8736263736263736,-0.6043956043956044,-1.0,-0.5274725274725275,-0.32967032967032966,-0.5714285714285714,-0.6483516483516484,-0.5769230769230769,-0.8406593406593407,-0.4725274725274725,-0.978021978021978,-0.37362637362637363,-0.2032967032967033,-0.4835164835164835,-0.4945054945054945,-0.4725274725274725,-0.6868131868131868,-0.37362637362637363,-0.8406593406593407,-0.27472527472527475,-0.0989010989010989,-0.33516483516483514,-0.25274725274725274,-0.3021978021978022,-0.3901098901098901,-0.24175824175824176,-0.5164835164835165,-0.1813186813186813
2,0.0,0.0,-0.3372093023255814,-0.05232558139534884,-0.5930232558139535,-0.1686046511627907,-0.7732558139534884,-0.2441860465116279,-0.9302325581395349,-0.26744186046511625,-0.4127906976744186,-0.5872093023255814,-0.6627906976744186,-0.6686046511627907,-0.8430232558139535,-0.6395348837209303,-1.0,-0.563953488372093,-0.27906976744186046,-0.5697674418604651,-0.5872093023255814,-0.6511627906976745,-0.8023255813953488,-0.5872093023255814,-0.9709302325581395,-0.5,-0.1511627906976744,-0.47093023255813954,-0.4186046511627907,-0.5290697674418605,-0.6395348837209303,-0.4418604651162791,-0.813953488372093,-0.3488372093023256,-0.040697674418604654,-0.3081395348837209,-0.19767441860465115,-0.31976744186046513,-0.36046511627906974,-0.2558139534883721,-0.5058139534883721,-0.18604651162790697
2,0.0,0.0,-0.3230769230769231,-0.015384615384615385,-0.558974358974359,-0.10256410256410256,-0.7230769230769231,-0.15384615384615385,-0.8769230769230769,-0.1794871794871795,-0.4666666666666667,-0.48717948717948717,-0.717948717948718,-0.48205128205128206,-0.8769230769230769,-0.4153846153846154,-1.0,-0.3282051282051282,-0.358974358974359,-0.49230769230769234,-0.6666666666666666,-0.49230769230769234,-0.8512820512820513,-0.41025641025641024,-0.9846153846153847,-0.31794871794871793,-0.24102564102564103,-0.4205128205128205,-0.5076923076923077,-0.39487179487179486,-0.6923076923076923,-0.28717948717948716,-0.8358974358974359,-0.18974358974358974,-0.1282051282051282,-0.28205128205128205,-0.28717948717948716,-0.2512820512820513,-0.4256410256410256,-0.1794871794871795,-0.5487179487179488,-0.11282051282051282
2,0.0,0.0,-0.31958762886597936,-0.02577319587628866,-0.5515463917525774,-0.11855670103092783,-0.7061855670103093,-0.18556701030927836,-0.845360824742268,-0.211340206185567,-0.4793814432989691,-0.5103092783505154,-0.7164948453608248,-0.5309278350515464,-0.8762886597938144,-0.4845360824742268,-1.0,-0.4072164948453608,-0.36597938144329895,-0.520618556701031,-0.6752577319587629,-0.5412371134020618,-0.8556701030927835,-0.4742268041237113,-0.9896907216494846,-0.39690721649484534,-0.24742268041237114,-0.4536082474226804,-0.5154639175257731,-0.422680412371134,-0.6907216494845361,-0.30927835051546393,-0.8350515463917526,-0.20103092783505155,-0.14432989690721648,-0.31958762886597936,-0.30927835051546393,-0.25257731958762886,-0.4381443298969072,-0.15979381443298968,-0.5515463917525774,-0.06701030927835051
2,0.0,0.0,-0.3173076923076923,-0.02403846153846154,-0.5432692307692307,-0.08173076923076923,-0.7115384615384616,-0.09134615384615384,-0.8605769230769231,-0.0673076923076923,-0.5096153846153846,-0.4326923076923077,-0.7740384615384616,-0.3798076923076923,-0.9134615384615384,-0.2692307692307692,-1.0,-0.14903846153846154,-0.39903846153846156,-0.42788461538461536,-0.7163461538461539,-0.3605769230769231,-0.8798076923076923,-0.23076923076923078,-0.9855769230769231,-0.1201923076923077,-0.27884615384615385,-0.34615384615384615,-0.5480769230769231,-0.2548076923076923,-0.7067307692307693,-0.11057692307692307,-0.8317307692307693,0.0,-0.16826923076923078,-0.20673076923076922,-0.3269230769230769,-0.11538461538461539,-0.4567307692307692,-0.02403846153846154,-0.5721153846153846,0.04807692307692308
2,0.0,0.0,-0.3112244897959184,-0.07142857142857142,-0.5357142857142857,-0.17346938775510204,-0.7091836734693877,-0.2193877551020408,-0.8571428571428571,-0.22448979591836735,-0.41836734693877553,-0.5306122448979592,-0.6836734693877551,-0.5357142857142857,-0.8571428571428571,-0.45918367346938777,-1.0,-0.3622448979591837,-0.29591836734693877,-0.5051020408163265,-0.6071428571428571,-0.5204081632653061,-0.8163265306122449,-0.42857142857142855,-0.9744897959183674,-0.32142857142857145,-0.17857142857142858,-0.3979591836734694,-0.4489795918367347,-0.37244897959183676,-0.6479591836734694,-0.25,-0.8061224489795918,-0.1377551020408163,-0.08673469387755102,-0.22959183673469388,-0.2602040816326531,-0.15816326530612246,-0.40816326530612246,-0.0663265306122449,-0.5357142857142857,0.00510204081632653
2,0.0,0.0,-0.32748538011695905,-0.08187134502923976,-0.5672514619883041,-0.19298245614035087,-0.7543859649122807,-0.23976608187134502,-0.9122807017543859,-0.25146198830409355,-0.3684210526315789,-0.6491228070175439,-0.6608187134502924,-0.6842105263157895,-0.847953216374269,-0.6198830409356725,-1.0,-0.52046783625731,-0.22807017543859648,-0.6140350877192983,-0.5555555555555556,-0.6374269005847953,-0.7777777777777778,-0.5321637426900585,-0.9415204678362573,-0.4269005847953216,-0.09941520467836257,-0.49122807017543857,-0.38596491228070173,-0.49707602339181284,-0.6140350877192983,-0.391812865497076,-0.8011695906432749,-0.28654970760233917,-0.005847953216374269,-0.2982456140350877,-0.1695906432748538,-0.26900584795321636,-0.3333333333333333,-0.1871345029239766,-0.4853801169590643,-0.1111111111111111
2,0.0,0.0,-0.3497536945812808,-0.054187192118226604,-0.5665024630541872,-0.15763546798029557,-0.7241379310344828,-0.22660098522167488,-0.8719211822660099,-0.2512315270935961,-0.45320197044334976,-0.5270935960591133,-0.7044334975369458,-0.5763546798029556,-0.8719211822660099,-0.5221674876847291,-1.0,-0.43842364532019706,-0.3251231527093596,-0.5073891625615764,-0.6354679802955665,-0.49261083743842365,-0.8275862068965517,-0.3793103448275862,-0.9605911330049262,-0.28078817733990147,-0.2019704433497537,-0.4088669950738916,-0.4876847290640394,-0.3448275862068966,-0.6699507389162561,-0.20689655172413793,-0.8029556650246306,-0.08866995073891626,-0.09852216748768473,-0.2512315270935961,-0.270935960591133,-0.18226600985221675,-0.4187192118226601,-0.09852216748768473,-0.541871921182266,-0.034482758620689655
2,0.0,0.0,-0.35185185185185186,-0.1111111111111111,-0.5987654320987654,-0.3148148148148148,-0.7407407407407407,-0.49382716049382713,-0.8580246913580247,-0.6419753086419753,-0.38271604938271603,-0.6790123456790124,-0.6234567901234568,-0.808641975308642,-0.8148148148148148,-0.8209876543209876,-1.0,-0.7839506172839507,-0.24074074074074073,-0.6728395061728395,-0.5308641975308642,-0.8271604938271605,-0.7654320987654321,-0.8209876543209876,-0.9629629629629629,-0.7716049382716049,-0.09876543209876543,-0.5679012345679012,-0.38271604938271603,-0.6666666666666666,-0.6234567901234568,-0.5740740740740741,-0.8271604938271605,-0.47530864197530864,0.012345679012345678,-0.3950617283950617,-0.17901234567901234,-0.3950617283950617,-0.35802469135802467,-0.3271604938271605,-0.5123456790123457,-0.25308641975308643
